id,name,name_abbreviation,decision_date,docket_number,court/name_abbreviation,baseline_draft
12532561,"Jessica OLSEN, on behalf of herself and all others similarly situated, and Teri R. Smith, on behalf of herself and all others similarly situated, Plaintiffs, v. NELNET, INC., a Nebraska Corporation, Nelnet Diversified Solutions, LLC, a Nebraska limited liability company, and Nelnet Servicing LLC, a Nebraska limited liability company, Defendants.","Olsen v. Nelnet, Inc.",2019-05-21,4:18-CV-3081,D. Neb.,"Olsen v. Nelnet, Inc., filed in the D. Neb. on May 21, 2019, under docket number 4:18-CV-3081."
12532560,"AMERICAN CENTER FOR LAW AND JUSTICE, Plaintiff, v. UNITED STATES DEPARTMENT OF JUSTICE, Defendant.",Am. Ctr. for Law & Justice v. U.S. Dep't of Justice,2019-06-30,Civil Action No. 16-2188 (TJK),D.D.C.,"Am. Ctr. for Law & Justice v. U.S. Dep't of Justice, filed in the D.D.C. on June 30, 2019, under docket number Civil Action No. 16-2188 (TJK)."
12532562,"UNITED STATES of America, Plaintiff, v. Steven William EMERY, Defendant.",United States v. Emery,2019-06-21,3:18-CR-30122-RAL,D. S.D.,"United States v. Emery, filed in the D. S.D. on June 21, 2019, under docket number 3:18-CR-30122-RAL."
12532563,"Kaori STEARNEY, et al., Plaintiffs, v. UNITED STATES of America, Defendant.",Stearney v. United States,2019-05-16,No. CV16-8060-PCT-DGC,D. Ariz.,"Stearney v. United States, filed in the D. Ariz. on May 16, 2019, under docket number No. CV16-8060-PCT-DGC."
12532564,"IN RE: GERMAN AUTOMOTIVE MANUFACTURERS ANTITRUST LITIGATION This Order Relates to: Dkt. Nos. 321, 339, 340, 341, 345, 377",In re German Auto. Mfrs. Antitrust Litig.,2019-06-17,MDL No. 2796 CRB (JSC),N.D. Cal.,"In re German Auto. Mfrs. Antitrust Litig., filed in the N.D. Cal. on June 17, 2019, under docket number MDL No. 2796 CRB (JSC)."
12532565,"DIVA LIMOUSINE, LTD., Plaintiff, v. UBER TECHNOLOGIES, INC., et al., Defendants.","Diva Limousine, Ltd. v. Uber Techs., Inc.",2019-06-20,Case No. 18-cv-05546-EMC,N.D. Cal.,"Diva Limousine, Ltd. v. Uber Techs., Inc., filed in the N.D. Cal. on June 20, 2019, under docket number Case No. 18-cv-05546-EMC."
12532566,"Eugene Martin LAVERGNE, et al., Plaintiffs, v. UNITED STATES HOUSE OF REPRESENTATIVES, et al., Defendants.",Lavergne v. U.S. House of Representatives,2019-06-11,Civil Action No. 17-793 (CKK-CP-RDM),D.D.C.,"Lavergne v. U.S. House of Representatives, filed in the D.D.C. on June 11, 2019, under docket number Civil Action No. 17-793 (CKK-CP-RDM)."
12532567,"YANBIN YU, et al., Plaintiffs, v. APPLE INC., Defendant. Yanbin Yu, et al., Plaintiffs, v. Samsung Electronics Co., Ltd., et al., Defendants.",Yanbin Yu v. Apple Inc.,2019-07-02,Case No. 3:18-cv-06181-JD; Case No. 3:18-cv-06339-JD,N.D. Cal.,"Yanbin Yu v. Apple Inc., filed in the N.D. Cal. on July 02, 2019, under docket number Case No. 3:18-cv-06181-JD; Case No. 3:18-cv-06339-JD."
12532568,"ZENITH INSURANCE COMPANY, Plaintiff, v. OLD REPUBLIC INSURANCE COMPANY, Defendant.",Zenith Ins. Co. v. Old Republic Ins. Co.,2019-07-17,Case No. 5:16-cv-07219-EJD,N.D. Cal.,"Zenith Ins. Co. v. Old Republic Ins. Co., filed in the N.D. Cal. on July 17, 2019, under docket number Case No. 5:16-cv-07219-EJD."
12532569,"Nicole VIEIRA, an individual; Emilia Barozzi, an individual; Plaintiffs, v. MENTOR WORLDWIDE, LLC; NuSil, LLC; NuSil Technology, LLC; and Does 1-100, inclusive, Defendants.","Vieira v. Mentor Worldwide, LLC",2019-08-01,Case No. CV 19-04939-AB (PLAx),C.D. Cal.,"Vieira v. Mentor Worldwide, LLC, filed in the C.D. Cal. on August 01, 2019, under docket number Case No. CV 19-04939-AB (PLAx)."
12532570,"STILETTO TELEVISION, INC., Plaintiff, v. HASTINGS, CLAYTON & TUCKER, INCORPORATED, et al., Defendants.","Stiletto Television, Inc. v. Hastings, Clayton & Tucker, Inc.",2019-06-17,CV 18-3911 DSF (PLAx),C.D. Cal.,"Stiletto Television, Inc. v. Hastings, Clayton & Tucker, Inc., filed in the C.D. Cal. on June 17, 2019, under docket number CV 18-3911 DSF (PLAx)."
12532571,"Jenny L. FLORES, et al. v. Loretta E. LYNCH, et al.",Flores v. Lynch,2017-01-20,Case No. CV 85-4544 DMG (AGRx),C.D. Cal.,"Flores v. Lynch, filed in the C.D. Cal. on January 20, 2017, under docket number Case No. CV 85-4544 DMG (AGRx)."
12532572,"ASSOCIATION OF AMERICAN PHYSICIANS & SURGEONS, INC., et al., Plaintiffs, v. Shelley ROUILLARD, in her official capacity as the Director of the California Department of Managed Health Care, Defendant.","Ass'n of Am. Physicians & Surgeons, Inc. v. Rouillard",2019-06-13,No. 2:16-cv-02441-MCE-EFB,E.D. Cal.,"Ass'n of Am. Physicians & Surgeons, Inc. v. Rouillard, filed in the E.D. Cal. on June 13, 2019, under docket number No. 2:16-cv-02441-MCE-EFB."
12532573,"ESTATE OF Armando OSUNA, Nancy Osuna, and Paul Osuna, Plaintiffs, v. COUNTY OF STANISLAUS, Stanislaus County Sheriff's Department, Adam Christianson, and Doe 1 to 50, Defendant.",Estate of Osuna v. Cnty. of Stanislaus,2019-06-24,No. 1:18-cv-01240-DAD-SAB,E.D. Cal.,"Estate of Osuna v. Cnty. of Stanislaus, filed in the E.D. Cal. on June 24, 2019, under docket number No. 1:18-cv-01240-DAD-SAB."
12532574,"Jensen SHIRLEY and Karen Shirley, Plaintiffs, v. ALLSTATE INSURANCE CO., Defendant.",Shirley v. Allstate Ins. Co.,2019-08-12,Case No.: 3:18-cv-0994-AJB-BGS,S.D. Cal.,"Shirley v. Allstate Ins. Co., filed in the S.D. Cal. on August 12, 2019, under docket number Case No.: 3:18-cv-0994-AJB-BGS."
12532575,"WILDEARTH GUARDIANS, Plaintiff, v. Elaine L. CHAO, et al., Defendants.",WildEarth Guardians v. Chao,2019-05-23,CV-18-110-GF-BMM,D. Mont.,"WildEarth Guardians v. Chao, filed in the D. Mont. on May 23, 2019, under docket number CV-18-110-GF-BMM."
12532577,"Samuel HOWARD, Petitioner, v. William GITTERE, et al., Respondents.",Howard v. Gittere,2019-05-28,Case No. 2:93-cv-01209-LRH-VCF,D. Nev.,"Howard v. Gittere, filed in the D. Nev. on May 28, 2019, under docket number Case No. 2:93-cv-01209-LRH-VCF."
12532576,"TRUSTEES OF BOSTON UNIVERSITY, Plaintiff, v. EVERLIGHT ELECTRONICS CO., LTD., et al., Defendants. Trustees of Boston University, Plaintiff, v. Epistar Corporation, Defendant. Trustees of Boston University, Plaintiff, v. Lite-On Inc., et al., Defendants.",Trs. of Bos. Univ. v. Everlight Elecs. Co.,2019-07-18,Consolidated Civil Action No. 12-11935-PBS; Civil Action No. 12-12326-PBS; Civil Action No. 12-12330-PBS,D. Mass.,"Trs. of Bos. Univ. v. Everlight Elecs. Co., filed in the D. Mass. on July 18, 2019, under docket number Consolidated Civil Action No. 12-11935-PBS; Civil Action No. 12-12326-PBS; Civil Action No. 12-12330-PBS."
12532578,"WESTERN WATERSHEDS PROJECT, Center for Biological Diversity, and Wildearth Guardians, Plaintiffs, v. David BERNHARDT, Secretary of the Interior, Jeffrey Rose, District Manager Burns District Bureau of Land Management, and Bureau of Land Management, Defendants.",W. Watersheds Project v. Bernhardt,2019-07-16,Case No. 2:19-cv-0750-SI,D. Or.,"W. Watersheds Project v. Bernhardt, filed in the D. Or. on July 16, 2019, under docket number Case No. 2:19-cv-0750-SI."
12532579,"BIO-LAB, INC. et al., Plaintiffs, v. UNITED STATES, Defendant, and Juancheng Kangtai Chemical Co., Ltd. and Heze Huayi Chemical Co., Ltd., Defendant-Intervenors.","Bio-Lab, Inc. v. United States",2019-06-12,Slip-Op. 19-72; Court No. 18-00051,Ct. Int'l Trade,"Bio-Lab, Inc. v. United States, filed in the Ct. Int'l Trade on June 12, 2019, under docket number Slip-Op. 19-72; Court No. 18-00051."
12532580,"NEXTEEL CO., LTD., Plaintiff, and SeAH Steel Corporation, Consolidated Plaintiff, v. UNITED STATES, Defendant, and United States Steel Corporation, Maverick Tube Corporation, and TenarisBayCity, Defendant-Intervenors.",Nexteel Co. v. United States,2019-06-17,Slip Op. 19-73; Consol. Court No. 18-00083,Ct. Int'l Trade,"Nexteel Co. v. United States, filed in the Ct. Int'l Trade on June 17, 2019, under docket number Slip Op. 19-73; Consol. Court No. 18-00083."
12532581,"AMERICAN ALLIANCE FOR HARDWOOD PLYWOOD et al., Plaintiffs and Consolidated Plaintiffs, v. UNITED STATES and United States International Trade Commission, Defendants, and Coalition for Fair Trade of Hardwood Plywood, Defendant-Intervenor and Consolidated Defendant-Intervenor.",Am. Alliance for Hardwood Plywood v. United States,2019-06-19,Slip Op. 19-76; Consol. Court No. 18-00013,Ct. Int'l Trade,"Am. Alliance for Hardwood Plywood v. United States, filed in the Ct. Int'l Trade on June 19, 2019, under docket number Slip Op. 19-76; Consol. Court No. 18-00013."
12532582,"ASPECTS FURNITURE INTERNATIONAL, INC., Plaintiff, v. UNITED STATES, Defendant.","Aspects Furniture Int'l, Inc. v. United States",2019-06-21,Slip Op. 19-78; Court No. 18-00222,Ct. Int'l Trade,"Aspects Furniture Int'l, Inc. v. United States, filed in the Ct. Int'l Trade on June 21, 2019, under docket number Slip Op. 19-78; Court No. 18-00222."
12532583,"TARGET GENERAL MERCHANDISE, INC., Plaintiff, v. UNITED STATES, Defendant.","Target Gen. Merch., Inc. v. United States",2019-07-02,Slip Op. 19-80; Consol. Court No. 14-00331,Ct. Int'l Trade,"Target Gen. Merch., Inc. v. United States, filed in the Ct. Int'l Trade on July 02, 2019, under docket number Slip Op. 19-80; Consol. Court No. 14-00331."
12532584,"INTELLECTUAL VENTURES I, LLC ; Intellectual Ventures II, LLC, Plaintiffs, v. LENOVO GROUP LTD., Lenovo (United States) Inc., LenovoEMC Products USA, LLC, and EMC Corporation, Defendants Intellectual Ventures I, LLC ; Intellectual Ventures II, LLC, Plaintiffs, v. NetApp, Inc., Defendant","Intellectual Ventures I, LLC v. Lenovo Grp. Ltd.",2019-07-18,CA No. 16-cv-10860-PBS; CA No. 16-cv-10868-PBS,D. Mass.,"Intellectual Ventures I, LLC v. Lenovo Grp. Ltd., filed in the D. Mass. on July 18, 2019, under docket number CA No. 16-cv-10860-PBS; CA No. 16-cv-10868-PBS."
12532585,"UNITED STATES of America, v. SIHAI CHENG, Defendant.",United States v. Sihai Cheng,2019-07-18,Criminal Action No. 13-10332-PBS,D. Mass.,"United States v. Sihai Cheng, filed in the D. Mass. on July 18, 2019, under docket number Criminal Action No. 13-10332-PBS."
12532586,"UNITED STATES of America, v. Ralph A. GOODRIDGE, Defendant.",United States v. Goodridge,2019-07-23,Criminal Action No. 96-30015,D. Mass.,"United States v. Goodridge, filed in the D. Mass. on July 23, 2019, under docket number Criminal Action No. 96-30015."
12532587,IN RE: ZOFRAN (ONDANSETRON) PRODUCTS LIABILITY LITIGATION This Document Relates to: All Actions,In re Zofran (Ondansetron) Prods. Liab. Litig.,2019-07-25,MDL No. 1:15-md-2657-FDS,D. Mass.,"In re Zofran (Ondansetron) Prods. Liab. Litig., filed in the D. Mass. on July 25, 2019, under docket number MDL No. 1:15-md-2657-FDS."
12532588,"DILLON BOILER SERVICES, CO. INC., Plaintiff, v. SOUNDVIEW VERMONT HOLDINGS, LLC, Defendant.","Dillon Boiler Servs., Co. v. Soundview Vt. Holdings, LLC",2019-07-29,CIVIL ACTION NO. 4:19-40036-TSH,D. Mass.,"Dillon Boiler Servs., Co. v. Soundview Vt. Holdings, LLC, filed in the D. Mass. on July 29, 2019, under docket number CIVIL ACTION NO. 4:19-40036-TSH."
12532589,"Munique VIANA SANTOS and Francis Viana, Petitioners, v. Kevin MCALEENAN, Acting Secretary, Department of Homeland Security; Todd Lyons, Acting Boston Field Office Director, Immigration and Customs Enforcement; Joseph D. McDonald, Jr., Sheriff of Plymouth County; and Antone Moniz, Superintendent of Plymouth County Correctional Facility, Respondents.",Santos v. McAleenan,2019-07-29,CIVIL ACTION NO. 19-11296-WGY,D. Mass.,"Santos v. McAleenan, filed in the D. Mass. on July 29, 2019, under docket number CIVIL ACTION NO. 19-11296-WGY."
12532590,"Timothy M. REAVES, Plaintiff, v. DEPARTMENT OF CORRECTION, Carol Higgins O'brien, Michael Rodrigues, Pamela Maceachern, Stephanie Collins, MHM Correctional Services, Inc., Massachusetts Partnership for Correctional Healthcare, Geraldine Somers, Leigh Pariseau, Julie Ireland, Khalid Khan, and Bonnie Damigella, Defendants.",Reaves v. Dep't of Corr.,2019-07-30,CIVIL ACTION NO. 4:15-40100-TSH,D. Mass.,"Reaves v. Dep't of Corr., filed in the D. Mass. on July 30, 2019, under docket number CIVIL ACTION NO. 4:15-40100-TSH."
12532559,"Barak CHACOTY, et al., Plaintiffs, v. Mike POMPEO, U.S. Secretary of State, et al., Defendants.",Chacoty v. Pompeo,2019-07-17,Civil Action No. 14-764 (RDM),D.D.C.,"Chacoty v. Pompeo, filed in the D.D.C. on July 17, 2019, under docket number Civil Action No. 14-764 (RDM)."
12532591,"UNITED STATES of America v. Raymond SCANZANI, Defendant.",United States v. Scanzani,2019-08-15,Criminal No. 18-10248-FDS,D. Mass.,"United States v. Scanzani, filed in the D. Mass. on August 15, 2019, under docket number Criminal No. 18-10248-FDS."
12532593,"UNITED STATES of America, v. Jeffrey EUGENE, Defendant.",United States v. Eugene,2019-08-16,Criminal Action No. 10-10365-NMG,D. Mass.,"United States v. Eugene, filed in the D. Mass. on August 16, 2019, under docket number Criminal Action No. 10-10365-NMG."
12532594,"Kenneth EBBE, Petitioner, v. CONCORDE INVESTMENT SERVICES, LLC ; Westminster Financial Securities, Inc.; Westminster Financial Advisory Corp. ; Richard G. Cody; and Jill M. Cody a/k/a Jill M. Tramontano, Respondents.","Ebbe v. Concorde Inv. Servs., LLC",2019-07-18,Civil Action No. 19-10289-PBS,D. Mass.,"Ebbe v. Concorde Inv. Servs., LLC, filed in the D. Mass. on July 18, 2019, under docket number Civil Action No. 19-10289-PBS."
12532592,"ASSOCIATION FOR COMMUNITY AFFILIATED PLANS, et al., Plaintiffs, v. UNITED STATES DEPARTMENT OF TREASURY, et al., Defendants.",Ass'n for Cmty. Affiliated Plans v. U.S. Dep't of Treasury,2019-07-19,Civil Case No. 18-2133 (RJL),D.D.C.,"Ass'n for Cmty. Affiliated Plans v. U.S. Dep't of Treasury, filed in the D.D.C. on July 19, 2019, under docket number Civil Case No. 18-2133 (RJL)."
12532595,"UNITED STATES of America, Plaintiff, v. Maximiliano FÍGARO-BENJAMÍN [1], et al., Defendants.",United States v. Maximiliano Fígaro-BenjamíN,2019-08-16,Criminal No. 18-066 (FAB),D. P.R.,"United States v. Maximiliano Fígaro-BenjamíN, filed in the D. P.R. on August 16, 2019, under docket number Criminal No. 18-066 (FAB)."
12532596,"IN RE: The FINANCIAL OVERSIGHT AND MANAGEMENT BOARD FOR PUERTO RICO, as representative of the Commonwealth of Puerto Rico, et al., Debtors. In re: The Financial Oversight and Management Board for Puerto Rico, as representative of the Employees Retirement System of the Government of the Commonwealth of Puerto Rico, Debtor.",In re Fin. Oversight & Mgmt. Bd. for Puerto Rico,2019-07-08,No. 17 BK 3283-LTS (Jointly Administered); No. 17 BK 3566-LTS,D. P.R.,"In re Fin. Oversight & Mgmt. Bd. for Puerto Rico, filed in the D. P.R. on July 08, 2019, under docket number No. 17 BK 3283-LTS (Jointly Administered); No. 17 BK 3566-LTS."
12532597,"UNITED STATES of America, Plaintiff, v. Luis RODRÍGUEZ-SOSTRE [5], Defendant.",United States v. Rodríguez-Sostre,2019-07-16,Criminal No. 08-310 (FAB),D. P.R.,"United States v. Rodríguez-Sostre, filed in the D. P.R. on July 16, 2019, under docket number Criminal No. 08-310 (FAB)."
12532598,"Javier COTTO LÓPEZ, Plaintiff, v. UNIÓN DE TRABAJADORES DE LA INDUSTRIA ELÉCTRICA Y RIEGO, X, Y, and Z Insurance Companies, and A, B, and C Unidentified Persons, Defendants.",López v. UnióN De Trabajadores De La Industria Eléctrica Y Riego,2019-07-17,CIVIL ACTION NO. 3:17-01919-WGY,D. P.R.,"López v. UnióN De Trabajadores De La Industria Eléctrica Y Riego, filed in the D. P.R. on July 17, 2019, under docket number CIVIL ACTION NO. 3:17-01919-WGY."
12532599,"IN RE: APPROXIMATELY 245 BILLS OF US CURRENCY, ($4,291.00), and One (1) 25ft Caribe with two 115 engines (Vessel ID. Number PR-7036-AC), and Appurtances, and Approximately Ten (10) rounds of .40 ammunition, the domestic value of this property is $22,292",In re Approximately 245 Bills of U.S. Currency,2019-08-09,Misc. No. 19-101 (FAB),D. P.R.,"In re Approximately 245 Bills of U.S. Currency, filed in the D. P.R. on August 09, 2019, under docket number Misc. No. 19-101 (FAB)."
12532600,"UNITED STATES of America, Plaintiff, v. Maximiliano FÍGARO-BENJAMÍN [1], Defendant.",United States v. Fígaro-BenjamíN,2019-08-19,Criminal No. 18-066 (FAB),D. P.R.,"United States v. Fígaro-BenjamíN, filed in the D. P.R. on August 19, 2019, under docket number Criminal No. 18-066 (FAB)."
12532601,"UNITED STATES of America, v. Rodney MUSCHETTE and Maliek Ramsey, Defendants.",United States v. Muschette,2019-07-25,15-CR-525 (ERK),E.D.N.Y.,"United States v. Muschette, filed in the E.D.N.Y. on July 25, 2019, under docket number 15-CR-525 (ERK)."
12532602,"UNITED STATES of America, v. Alonzo SHIPP, Defendant.",United States v. Shipp,2019-07-11,19-CR-029 (NGG),E.D.N.Y.,"United States v. Shipp, filed in the E.D.N.Y. on July 11, 2019, under docket number 19-CR-029 (NGG)."
12532603,"PEERLESS INSURANCE COMPANY, Plaintiff, v. TECHNOLOGY INSURANCE COMPANY, INC., Defendant.",Peerless Ins. Co. v. Tech. Ins. Co.,2019-07-25,18-cv-1553 (BMC),E.D.N.Y.,"Peerless Ins. Co. v. Tech. Ins. Co., filed in the E.D.N.Y. on July 25, 2019, under docket number 18-cv-1553 (BMC)."
12532604,"Jon MCDONOUGH and Tracy A. McDonough, Plaintiffs, v. CYCLING SPORTS GROUP, INC., Cannondale Corporation, and Advanced International Multitech Co. Ltd., Defendants.","McDonough v. Cycling Sports Grp., Inc.",2019-08-06,6:18-CV-06327 EAW,W.D.N.Y.,"McDonough v. Cycling Sports Grp., Inc., filed in the W.D.N.Y. on August 06, 2019, under docket number 6:18-CV-06327 EAW."
12532605,"Anton COLBERT, Individually and on Behalf of All Others Similarly Situated, Plaintiff, v. RIO TINTO PLC, Rio Tinto Limited, Thomas Albanese, and Guy Robert Elliott, Defendants.",Colbert v. Rio Tinto PLC,2019-06-03,17 Civ. 8169 (AT) (DCF),S.D.N.Y.,"Colbert v. Rio Tinto PLC, filed in the S.D.N.Y. on June 03, 2019, under docket number 17 Civ. 8169 (AT) (DCF)."
12532606,"Kevin SHULMAN and Caran Ross, in their capacities as co-trustees of the Florence Shulman Pourover Trust; and Estelle Harwood, individually and in her capacity as trustee of the Estelle Harwood Revocable Trust; on behalf of themselves and all others similarly situated, Plaintiffs, v. CHAITMAN LLP and Becker & Poliakoff, LLP, Defendants.",Shulman v. Chaitman LLP,2019-07-11,17 Civ. 9330 (VM),S.D.N.Y.,"Shulman v. Chaitman LLP, filed in the S.D.N.Y. on July 11, 2019, under docket number 17 Civ. 9330 (VM)."
12532607,"LOCAL 1180, COMMUNICATIONS WORKERS OF AMERICA, AFL-CIO et al., Plaintiffs, v. CITY OF NEW YORK et al., Defendants.","Local 1180, Commc'ns Workers of Am. v. City of N.Y.",2019-08-07,1:17-cv-03048 (SDA),S.D.N.Y.,"Local 1180, Commc'ns Workers of Am. v. City of N.Y., filed in the S.D.N.Y. on August 07, 2019, under docket number 1:17-cv-03048 (SDA)."
12532608,"KORTRIGHT CAPITAL PARTNERS LP, Matthew Taylor, and TY Popplewell, Plaintiffs, v. INVESTCORP INVESTMENT ADVISERS LIMITED, Defendant.",Kortright Capital Partners LP v. Investcorp Inv. Advisers Ltd.,2019-08-07,16cv7619,S.D.N.Y.,"Kortright Capital Partners LP v. Investcorp Inv. Advisers Ltd., filed in the S.D.N.Y. on August 07, 2019, under docket number 16cv7619."
12532609,"DEMOCRATIC NATIONAL COMMITTEE, Plaintiff, v. The RUSSIAN FEDERATION et al., Defendants.",Democratic Nat'l Comm. v. Russian Fed'n,2019-07-30,18cv3501 (JGK),S.D.N.Y.,"Democratic Nat'l Comm. v. Russian Fed'n, filed in the S.D.N.Y. on July 30, 2019, under docket number 18cv3501 (JGK)."
12532610,"Scott GUNNELLS, Plaintiff, v. Michael Joseph TEUTUL, et al., Defendants.",Gunnells v. Teutul,2019-08-14,19-cv-5312 (JSR); 19-cv-5331 (JSR),S.D.N.Y.,"Gunnells v. Teutul, filed in the S.D.N.Y. on August 14, 2019, under docket number 19-cv-5312 (JSR); 19-cv-5331 (JSR)."
12532611,UNITED STATES of America v. Susan MATEO,United States v. Mateo,2019-06-10,Case No. 2:18-cr-00008,D. Vt.,"United States v. Mateo, filed in the D. Vt. on June 10, 2019, under docket number Case No. 2:18-cr-00008."
12532613,"Francisco MOLINA, Plaintiff v. PENNSYLVANIA SOCIAL SERVICE UNION, Service Employees International, et al., Defendants",Molina v. Pa. Soc. Serv. Union,2019-07-18,No. 1:19-cv-00019,M.D. Pa.,"Molina v. Pa. Soc. Serv. Union, filed in the M.D. Pa. on July 18, 2019, under docket number No. 1:19-cv-00019."
12532612,"Ammar AL-BALUCHI a/k/a Ali Abdul Aziz Ali, Petitioner, v. Mark T. ESPER, Secretary of Defense, et al., Respondents.",Al-Baluchi v. Esper,2019-07-29,Civil Action. No. 08-2083 (PLF),D.D.C.,"Al-Baluchi v. Esper, filed in the D.D.C. on July 29, 2019, under docket number Civil Action. No. 08-2083 (PLF)."
12532614,"James E. MEYER, Plaintiffs, v. DELAWARE VALLEY LIFT TRUCK, INC., John W. Meyer, Barbara A. Meyer, and Law Offices of Barry F. Penn, P.C., Defendants.","Meyer v. Del. Valley Lift Truck, Inc.",2019-06-07,CIVIL ACTION NO. 18-1118,E.D. Pa.,"Meyer v. Del. Valley Lift Truck, Inc., filed in the E.D. Pa. on June 07, 2019, under docket number CIVIL ACTION NO. 18-1118."
12532615,IN RE: PROCESSED EGG PRODUCTS ANTITRUST LITIGATION This Document Applies to: All Direct Action Plaintiff Cases,In re Processed Egg Prods. Antitrust Litig.,2019-06-11,MULTIDISTRICT LITIGATION No. 08-md-2002,E.D. Pa.,"In re Processed Egg Prods. Antitrust Litig., filed in the E.D. Pa. on June 11, 2019, under docket number MULTIDISTRICT LITIGATION No. 08-md-2002."
12532616,"The WOLK LAW FIRM, Don Goldstein, and Ingrid Goldstein, Plaintiffs, v. UNITED STATES OF AMERICA NATIONAL TRANSPORTATION SAFETY BOARD, Defendant.",Wolk Law Firm v. U.S. Nat'l Transp. Safety Bd.,2019-06-18,CIVIL ACTION NO. 16-05632,E.D. Pa.,"Wolk Law Firm v. U.S. Nat'l Transp. Safety Bd., filed in the E.D. Pa. on June 18, 2019, under docket number CIVIL ACTION NO. 16-05632."
12532617,"Brendan SMITH, individually and on behalf of all others similarly situated v. NATIONWIDE MUTUAL INSURANCE COMPANY",Smith v. Nationwide Mut. Ins. Co.,2019-06-24,CIVIL ACTION NO. 19-1217,E.D. Pa.,"Smith v. Nationwide Mut. Ins. Co., filed in the E.D. Pa. on June 24, 2019, under docket number CIVIL ACTION NO. 19-1217."
12532618,"Corey DONOVAN and Linda Donovan, Plaintiffs, v. STATE FARM MUTUAL AUTOMOBILE INSURANCE COMPANY, Defendant.",Donovan v. State Farm Mut. Auto. Ins. Co.,2019-06-28,CIVIL ACTION No. 17-03940,E.D. Pa.,"Donovan v. State Farm Mut. Auto. Ins. Co., filed in the E.D. Pa. on June 28, 2019, under docket number CIVIL ACTION No. 17-03940."
12532619,"SAUCON VALLEY MANOR, INC., Nimita Kapoor-Atiyeh, Plaintiff, v. Teresa MILLER, Jacqueline Rowe, Matt Jones, Michele Moskalczyk, at Home, Inc. d/b/a at Home Health Service and at Home Health and Hospice, and Patrick R. Stonich, Defendants.","Saucon Valley Manor, Inc. v. Miller",2019-06-06,CIVIL ACTION NO. 17-2568,E.D. Pa.,"Saucon Valley Manor, Inc. v. Miller, filed in the E.D. Pa. on June 06, 2019, under docket number CIVIL ACTION NO. 17-2568."
12532620,"Stacy POWER and Al B. Hill, as Receiver for Credit Nation Capital, LLC, Plaintiffs, v. ERIE FAMILY LIFE INSURANCE COMPANY, Defendant.",Power v. Erie Family Life Ins. Co.,2019-08-01,CIVIL ACTION NO. 18-02094,E.D. Pa.,"Power v. Erie Family Life Ins. Co., filed in the E.D. Pa. on August 01, 2019, under docket number CIVIL ACTION NO. 18-02094."
12532621,"Eugene Thye BONNER, Plaintiff, v. Ms. Mandy SIPPLE, et al., Defendants.",Bonner v. Sipple,2019-08-01,CIVIL ACTION NO. 19-CV-3191,E.D. Pa.,"Bonner v. Sipple, filed in the E.D. Pa. on August 01, 2019, under docket number CIVIL ACTION NO. 19-CV-3191."
12532622,"MAYOR AND CITY COUNCIL OF BALTIMORE, Plaintiff, v. Alex M. AZAR II, Secretary of Health and Human Services, et al., Defendants.",Mayor of Balt. v. Azar,2019-05-30,Civil Action No.: RDB-19-1103,D. Md.,"Mayor of Balt. v. Azar, filed in the D. Md. on May 30, 2019, under docket number Civil Action No.: RDB-19-1103."
12532623,"Shannon Oranda JEFFERIES, Plaintiff, v. UNC REGIONAL PHYSICIANS PEDIATRICS and Eric Welch, Defendants.",Jefferies v. UNC Regional Physicians Pediatrics,2019-08-14,1:18-cv-00223,M.D.N.C.,"Jefferies v. UNC Regional Physicians Pediatrics, filed in the M.D.N.C. on August 14, 2019, under docket number 1:18-cv-00223."
12532624,"Patrick WECKESSER, on behalf of himself and all others similarly situated, Plaintiff, v. KNIGHT ENTERPRISES S.E., LLC, Defendant.","Weckesser v. Knight Enters. S.E., LLC",2019-07-22,Civil Action No. 2:16-cv-02053-RMG,D.S.C.,"Weckesser v. Knight Enters. S.E., LLC, filed in the D.S.C. on July 22, 2019, under docket number Civil Action No. 2:16-cv-02053-RMG."
12532625,"Tonja DUPREE, Plaintiff, v. FAY SERVICING, LLC, and Equity Trustees, LLC, Defendants.","Dupree v. Fay Servicing, LLC",2019-08-09,Civil Action No. 4:19cv51,E.D. Va.,"Dupree v. Fay Servicing, LLC, filed in the E.D. Va. on August 09, 2019, under docket number Civil Action No. 4:19cv51."
12532626,"Jim BARACH, Plaintiff, v. SINCLAIR MEDIA III, INC., d/b/a WCHS-TV and WVAH-TV, Defendant.","Barach v. Sinclair Media III, Inc.",2019-06-03,CIVIL ACTION NO. 3:19-0008,S.D. W.Va.,"Barach v. Sinclair Media III, Inc., filed in the S.D. W.Va. on June 03, 2019, under docket number CIVIL ACTION NO. 3:19-0008."
12532627,"TRUE HEALTH DIAGNOSTICS, LLC, Plaintiff, v. Alex M. AZAR, II, et al, Defendants.","True Health Diagnostics, LLC v. Azar",2019-07-22,CIVIL ACTION NO. 9:19-CV-00110-MJT,E.D. Tex.,"True Health Diagnostics, LLC v. Azar, filed in the E.D. Tex. on July 22, 2019, under docket number CIVIL ACTION NO. 9:19-CV-00110-MJT."
12532628,"TRUE HEALTH DIAGNOSTICS, LLC, Plaintiff, v. Alex M. AZAR, II, et al, Defendants.","True Health Diagnostics, LLC v. Azar",2019-07-22,CIVIL ACTION NO. 9:19-CV-00110-MJT,E.D. Tex.,"True Health Diagnostics, LLC v. Azar, filed in the E.D. Tex. on July 22, 2019, under docket number CIVIL ACTION NO. 9:19-CV-00110-MJT."
12532630,"Brandon L. TATUM Plaintiff, v. SOUTHERN COMPANY SERVICES, INC., Defendant.","Tatum v. S. Co. Serv., Inc",2018-08-07,Civil Action No: 9:17-CV-140,E.D. Tex.,"Tatum v. S. Co. Serv., Inc, filed in the E.D. Tex. on August 07, 2018, under docket number Civil Action No: 9:17-CV-140."
12532629,"Matthew GREEN, et al., Plaintiffs, v. U.S. DEPARTMENT OF JUSTICE, et al., Defendants.",Green v. U.S. Dep't of Justice,2019-06-27,Civil Action No. 16-1492 (EGS),D.D.C.,"Green v. U.S. Dep't of Justice, filed in the D.D.C. on June 27, 2019, under docket number Civil Action No. 16-1492 (EGS)."
12532631,"DELL TECHNOLOGIES INC. and Dell Global B.V. (Singapore Branch ), Plaintiffs, v. TIVO CORPORATION, Rovi Corporation, Sonic Solutions LLC, and Sonic Solutions, Defendants.",Dell Techs. Inc. v. Tivo Corp.,2019-06-06,Cause No. 1:18-CV-666-LY,W.D. Tex.,"Dell Techs. Inc. v. Tivo Corp., filed in the W.D. Tex. on June 06, 2019, under docket number Cause No. 1:18-CV-666-LY."
12532632,"UNITED STATES of America v. Antonio CRUZ-RAMOS, also known as Antonio Carrillo-Ramos and Marcos Cruz-Cifuentes",United States v. Cruz-Ramos,2019-06-28,EP-19-CR-1657-DB-(1),W.D. Tex.,"United States v. Cruz-Ramos, filed in the W.D. Tex. on June 28, 2019, under docket number EP-19-CR-1657-DB-(1)."
12532633,"MAXIM CRANE WORKS, L.P., Plaintiff, v. ZURICH AMERICAN INSURANCE COMPANY Defendant.","Maxim Crane Works, L.P. v. Zurich Am. Ins. Co.",2019-06-19,Civil Action No. H-18-3667,S.D. Tex.,"Maxim Crane Works, L.P. v. Zurich Am. Ins. Co., filed in the S.D. Tex. on June 19, 2019, under docket number Civil Action No. H-18-3667."
12532634,"Jessica ARNOLD et al., Plaintiffs v. LIBERTY MUTUAL INSURANCE COMPANY, et al., Defendants",Arnold v. Liberty Mut. Ins. Co.,2019-05-28,CIVIL ACTION NO. 17-224-DLB-CJS,E.D. Ky.,"Arnold v. Liberty Mut. Ins. Co., filed in the E.D. Ky. on May 28, 2019, under docket number CIVIL ACTION NO. 17-224-DLB-CJS."
12532635,"IN RE VARIOUS SOCIAL SECURITY CASES AFFECTED BY the SIXTH CIRCUIT DECISION IN HICKS V. BERRYHILL, NO. 17-5206",In re Various Soc. Sec. Cases Affected By the Sixth Circuit Decision in Hicks V. Berryhill,2019-07-11,Civil Case Nos. 0:16-cv-062-JMH; 5:16-cv-128-JMH; 5:16-cv-351-JMH; 5:17-cv-169-JMH; 6:16-cv-184-JMH; 6:16-cv-298-JMH; 6:17-cv-006-JMH; 7:16-cv-035-JMH; 7:16-cv-076-JMH; 7:16-cv-096-JMH; 7:16-cv-167-JMH; 7:16-cv-171-JMH; 7:16-cv-181-JMH; 7:16-cv-194-JMH; 7:16-cv-233-JMH; 7:16-cv-245-JMH; 7:16-cv-270-JMH; 7:16-cv-272-JMH; 7:16-cv-286-JMH; 7:16-cv-287-JMH; 7:16-cv-298-JMH; 7:17-cv-016-JMH; 7:17-cv-022-JMH; 7:17-cv-092-JMH; 7:17-cv-107-JMH; 7:17-cv-129-JMH; 7:17-cv-131-JMH,E.D. Ky.,"In re Various Soc. Sec. Cases Affected By the Sixth Circuit Decision in Hicks V. Berryhill, filed in the E.D. Ky. on July 11, 2019, under docket number Civil Case Nos. 0:16-cv-062-JMH; 5:16-cv-128-JMH; 5:16-cv-351-JMH; 5:17-cv-169-JMH; 6:16-cv-184-JMH; 6:16-cv-298-JMH; 6:17-cv-006-JMH; 7:16-cv-035-JMH; 7:16-cv-076-JMH; 7:16-cv-096-JMH; 7:16-cv-167-JMH; 7:16-cv-171-JMH; 7:16-cv-181-JMH; 7:16-cv-194-JMH; 7:16-cv-233-JMH; 7:16-cv-245-JMH; 7:16-cv-270-JMH; 7:16-cv-272-JMH; 7:16-cv-286-JMH; 7:16-cv-287-JMH; 7:16-cv-298-JMH; 7:17-cv-016-JMH; 7:17-cv-022-JMH; 7:17-cv-092-JMH; 7:17-cv-107-JMH; 7:17-cv-129-JMH; 7:17-cv-131-JMH."
12532636,"Dr. Christopher FROST, Plaintiff v. UNIVERSITY OF LOUISVILLE, et al., Defendants",Frost v. Univ. of Louisville,2019-05-29,CIVIL ACTION NO. 3:19-CV-227-CRS,W.D. Ky.,"Frost v. Univ. of Louisville, filed in the W.D. Ky. on May 29, 2019, under docket number CIVIL ACTION NO. 3:19-CV-227-CRS."
12532637,"UNITED STATES of America, Plaintiff, v. Leopoldo VARGAS-MOLINA, Defendant.",United States v. Vargas-Molina,2019-07-26,Case No. 19-cr-20067,E.D. Mich.,"United States v. Vargas-Molina, filed in the E.D. Mich. on July 26, 2019, under docket number Case No. 19-cr-20067."
12532638,"Jimmy Joe JONES, Plaintiff, v. Nancy A. BERRYHILL, Acting Commissioner of Social Security Administration, Defendant.",Jones v. Berryhill,2019-08-02,No. 2:18-cv-00080,M.D. Tenn.,"Jones v. Berryhill, filed in the M.D. Tenn. on August 02, 2019, under docket number No. 2:18-cv-00080."
12532639,"BRENDA L., Plaintiff, v. Andrew SAUL, Commissioner of Social Security, Defendant.",Brenda L. v. Saul,2019-08-08,No. 18 C 1551,N.D. Ill.,"Brenda L. v. Saul, filed in the N.D. Ill. on August 08, 2019, under docket number No. 18 C 1551."
12532640,"UNITED STATES of America, Plaintiff, v. Dmitry FIRTASH, aka ""Dmytro Firtash,"" and ""DF,"" and Andras Knopp, Defendants.",United States v. Firtash,2019-06-21,No. 13 CR 515,N.D. Ill.,"United States v. Firtash, filed in the N.D. Ill. on June 21, 2019, under docket number No. 13 CR 515."
12532641,"GELITA USA, INC., Plaintiff, v. HAMMOND WATER WORKS DEPARTMENT, Defendant.","Gelita USA, Inc. v. Hammond Water Works Dep't",2019-06-24,Case No. 18 C 3268,N.D. Ill.,"Gelita USA, Inc. v. Hammond Water Works Dep't, filed in the N.D. Ill. on June 24, 2019, under docket number Case No. 18 C 3268."
12532642,"DOMINIC W. ON BEHALF OF SOFIA W., Plaintiff, v. The NORTHERN TRUST COMPANY EMPLOYEE WELFARE BENEFIT PLAN and Health Care Service Corporation, d/b/a Blue Cross and Blue Shield of Illinois, Defendants.",Dominic W. ex rel. Sofia W. v. N. Trust Co.,2019-06-24,Case No. 18 C 327,N.D. Ill.,"Dominic W. ex rel. Sofia W. v. N. Trust Co., filed in the N.D. Ill. on June 24, 2019, under docket number Case No. 18 C 327."
12532643,"WORLD WATER WORKS HOLDINGS, INC., Plaintiff, v. CONTINENTAL CASUALTY CO. and Anthony W. Besthoff, Jr., Defendants. Continental Casualty Co., Counter-Claimant, v. World Water Works Holdings, Inc., Counter-Defendant.","World Water Works Holdings, Inc. v. Cont'l Cas. Co.",2019-06-24,No. 17 CV 5237,N.D. Ill.,"World Water Works Holdings, Inc. v. Cont'l Cas. Co., filed in the N.D. Ill. on June 24, 2019, under docket number No. 17 CV 5237."
12532644,"Caitlin BERNARD M.D., Plaintiff, v. INDIVIDUAL MEMBERS OF the INDIANA MEDICAL LICENSING BOARD in their official capacities, et al., Defendants.",Bernard v. Individual Members of the Ind. Med. Licensing Bd.,2019-06-28,No. 1:19-cv-01660-SEB-DML,S.D. Ind.,"Bernard v. Individual Members of the Ind. Med. Licensing Bd., filed in the S.D. Ind. on June 28, 2019, under docket number No. 1:19-cv-01660-SEB-DML."
12532645,"REXING QUALITY EGGS, Plaintiff, v. REMBRANDT ENTERPRISES, INC., Defendant.","Eggs v. Rembrandt Enters., Inc.",2019-05-29,No. 3:19-cv-00031-JMS-MPB,S.D. Ind.,"Eggs v. Rembrandt Enters., Inc., filed in the S.D. Ind. on May 29, 2019, under docket number No. 3:19-cv-00031-JMS-MPB."
12532646,"Osha JOSEPH, Plaintiff, v. Sgt. Bobby DONAHUE, Sgt. Tom Arnold, Officer Mon Notthakun, and Officer Marshall Titus, in their individual and official capacities, as police officers for the City of Saint Paul, and the City of Saint Paul, Defendants.",Joseph v. Donahue,2019-05-28,Civil No. 17-4712 ADM/SER,D. Minn.,"Joseph v. Donahue, filed in the D. Minn. on May 28, 2019, under docket number Civil No. 17-4712 ADM/SER."
12532647,"ZURICH AMERICAN INSURANCE COMPANY, Plaintiff, v. INSURANCE COMPANY OF NORTH AMERICA, et al., Defendants.",Zurich Am. Ins. Co. v. Ins. Co. of N. Am.,2019-05-21,Case No. 4:14 CV 1112 CDP,E.D. Mo.,"Zurich Am. Ins. Co. v. Ins. Co. of N. Am., filed in the E.D. Mo. on May 21, 2019, under docket number Case No. 4:14 CV 1112 CDP."
